session_code,participant_code,rows_present,answered_rounds,included,reason
SYNTHETIC,SYN01,6,6,True,included: six complete rounds
SYNTHETIC,SYN02,6,6,True,included: six complete rounds
SYNTHETIC,SYN03,6,6,True,included: six complete rounds
SYNTHETIC,SYN04,6,6,True,included: six complete rounds
SYNTHETIC,SYN05,6,6,True,included: six complete rounds
SYNTHETIC,SYN06,6,6,True,included: six complete rounds
SYNTHETIC,SYN07,6,6,True,included: six complete rounds
SYNTHETIC,SYN08,6,6,True,included: six complete rounds
SYNTHETIC,SYN09,6,6,True,included: six complete rounds
SYNTHETIC,SYN10,6,6,True,included: six complete rounds
SYNTHETIC,SYN11,6,6,True,included: six complete rounds
SYNTHETIC,SYN12,6,6,True,included: six complete rounds
SYNTHETIC,SYN13,6,6,True,included: six complete rounds
SYNTHETIC,SYN14,6,6,True,included: six complete rounds
SYNTHETIC,SYN15,6,6,True,included: six complete rounds
SYNTHETIC,SYN16,6,2,False,4 unanswered rounds
