session_code,participant_code,completed_rounds,gamble_count,gamble_rate,mean_confidence
SYNTHETIC,SYN01,6,6,1.0,4.333333333333333
SYNTHETIC,SYN02,6,5,0.8333333333333334,4.166666666666667
SYNTHETIC,SYN03,6,5,0.8333333333333334,4.0
SYNTHETIC,SYN04,6,4,0.6666666666666666,3.8333333333333335
SYNTHETIC,SYN05,6,4,0.6666666666666666,3.6666666666666665
SYNTHETIC,SYN06,6,4,0.6666666666666666,3.5
SYNTHETIC,SYN07,6,3,0.5,4.5
SYNTHETIC,SYN08,6,3,0.5,4.333333333333333
SYNTHETIC,SYN09,6,3,0.5,4.166666666666667
SYNTHETIC,SYN10,6,3,0.5,4.0
SYNTHETIC,SYN11,6,2,0.3333333333333333,3.8333333333333335
SYNTHETIC,SYN12,6,2,0.3333333333333333,3.6666666666666665
SYNTHETIC,SYN13,6,1,0.16666666666666666,3.5
SYNTHETIC,SYN14,6,1,0.16666666666666666,4.5
SYNTHETIC,SYN15,6,0,0.0,4.333333333333333
