session,participant,offer,choice
FICTIONAL,EXAMPLE_1,2,Gamble
FICTIONAL,EXAMPLE_1,3,Gamble
FICTIONAL,EXAMPLE_1,4,Gamble
FICTIONAL,EXAMPLE_1,6,Sure
FICTIONAL,EXAMPLE_1,7,Sure
FICTIONAL,EXAMPLE_1,8,Sure
FICTIONAL,EXAMPLE_2,2,Gamble
FICTIONAL,EXAMPLE_2,3,Gamble
FICTIONAL,EXAMPLE_2,4,Gamble
FICTIONAL,EXAMPLE_2,6,Gamble
FICTIONAL,EXAMPLE_2,7,Sure
FICTIONAL,EXAMPLE_2,8,Sure
FICTIONAL,EXAMPLE_3,2,Gamble
FICTIONAL,EXAMPLE_3,3,Gamble
FICTIONAL,EXAMPLE_3,4,Gamble
FICTIONAL,EXAMPLE_3,6,Gamble
FICTIONAL,EXAMPLE_3,7,Gamble
FICTIONAL,EXAMPLE_3,8,Sure
FICTIONAL,EXAMPLE_4,2,Gamble
FICTIONAL,EXAMPLE_4,3,Gamble
FICTIONAL,EXAMPLE_4,4,Sure
FICTIONAL,EXAMPLE_4,6,Sure
FICTIONAL,EXAMPLE_4,7,Sure
FICTIONAL,EXAMPLE_4,8,Sure
