session_code,participant_code,study_version,round_number,sure_points,gamble_high,gamble_probability,choice,confidence,chose_gamble
SYNTHETIC,SYN01,full-v1,1,2,10,0.5,gamble,3,1
SYNTHETIC,SYN01,full-v1,2,3,10,0.5,gamble,4,1
SYNTHETIC,SYN01,full-v1,3,4,10,0.5,gamble,5,1
SYNTHETIC,SYN01,full-v1,4,6,10,0.5,gamble,6,1
SYNTHETIC,SYN01,full-v1,5,7,10,0.5,gamble,7,1
SYNTHETIC,SYN01,full-v1,6,8,10,0.5,gamble,1,1
SYNTHETIC,SYN02,full-v1,1,2,10,0.5,gamble,4,1
SYNTHETIC,SYN02,full-v1,2,3,10,0.5,gamble,5,1
SYNTHETIC,SYN02,full-v1,3,4,10,0.5,gamble,6,1
SYNTHETIC,SYN02,full-v1,4,6,10,0.5,gamble,7,1
SYNTHETIC,SYN02,full-v1,5,7,10,0.5,gamble,1,1
SYNTHETIC,SYN02,full-v1,6,8,10,0.5,sure,2,0
SYNTHETIC,SYN03,full-v1,1,2,10,0.5,gamble,5,1
SYNTHETIC,SYN03,full-v1,2,3,10,0.5,gamble,6,1
SYNTHETIC,SYN03,full-v1,3,4,10,0.5,gamble,7,1
SYNTHETIC,SYN03,full-v1,4,6,10,0.5,gamble,1,1
SYNTHETIC,SYN03,full-v1,5,7,10,0.5,gamble,2,1
SYNTHETIC,SYN03,full-v1,6,8,10,0.5,sure,3,0
SYNTHETIC,SYN04,full-v1,1,2,10,0.5,gamble,6,1
SYNTHETIC,SYN04,full-v1,2,3,10,0.5,gamble,7,1
SYNTHETIC,SYN04,full-v1,3,4,10,0.5,gamble,1,1
SYNTHETIC,SYN04,full-v1,4,6,10,0.5,gamble,2,1
SYNTHETIC,SYN04,full-v1,5,7,10,0.5,sure,3,0
SYNTHETIC,SYN04,full-v1,6,8,10,0.5,sure,4,0
SYNTHETIC,SYN05,full-v1,1,2,10,0.5,gamble,7,1
SYNTHETIC,SYN05,full-v1,2,3,10,0.5,gamble,1,1
SYNTHETIC,SYN05,full-v1,3,4,10,0.5,gamble,2,1
SYNTHETIC,SYN05,full-v1,4,6,10,0.5,gamble,3,1
SYNTHETIC,SYN05,full-v1,5,7,10,0.5,sure,4,0
SYNTHETIC,SYN05,full-v1,6,8,10,0.5,sure,5,0
SYNTHETIC,SYN06,full-v1,1,2,10,0.5,gamble,1,1
SYNTHETIC,SYN06,full-v1,2,3,10,0.5,gamble,2,1
SYNTHETIC,SYN06,full-v1,3,4,10,0.5,gamble,3,1
SYNTHETIC,SYN06,full-v1,4,6,10,0.5,gamble,4,1
SYNTHETIC,SYN06,full-v1,5,7,10,0.5,sure,5,0
SYNTHETIC,SYN06,full-v1,6,8,10,0.5,sure,6,0
SYNTHETIC,SYN07,full-v1,1,2,10,0.5,gamble,2,1
SYNTHETIC,SYN07,full-v1,2,3,10,0.5,gamble,3,1
SYNTHETIC,SYN07,full-v1,3,4,10,0.5,gamble,4,1
SYNTHETIC,SYN07,full-v1,4,6,10,0.5,sure,5,0
SYNTHETIC,SYN07,full-v1,5,7,10,0.5,sure,6,0
SYNTHETIC,SYN07,full-v1,6,8,10,0.5,sure,7,0
SYNTHETIC,SYN08,full-v1,1,2,10,0.5,gamble,3,1
SYNTHETIC,SYN08,full-v1,2,3,10,0.5,gamble,4,1
SYNTHETIC,SYN08,full-v1,3,4,10,0.5,gamble,5,1
SYNTHETIC,SYN08,full-v1,4,6,10,0.5,sure,6,0
SYNTHETIC,SYN08,full-v1,5,7,10,0.5,sure,7,0
SYNTHETIC,SYN08,full-v1,6,8,10,0.5,sure,1,0
SYNTHETIC,SYN09,full-v1,1,2,10,0.5,gamble,4,1
SYNTHETIC,SYN09,full-v1,2,3,10,0.5,gamble,5,1
SYNTHETIC,SYN09,full-v1,3,4,10,0.5,gamble,6,1
SYNTHETIC,SYN09,full-v1,4,6,10,0.5,sure,7,0
SYNTHETIC,SYN09,full-v1,5,7,10,0.5,sure,1,0
SYNTHETIC,SYN09,full-v1,6,8,10,0.5,sure,2,0
SYNTHETIC,SYN10,full-v1,1,2,10,0.5,gamble,5,1
SYNTHETIC,SYN10,full-v1,2,3,10,0.5,gamble,6,1
SYNTHETIC,SYN10,full-v1,3,4,10,0.5,gamble,7,1
SYNTHETIC,SYN10,full-v1,4,6,10,0.5,sure,1,0
SYNTHETIC,SYN10,full-v1,5,7,10,0.5,sure,2,0
SYNTHETIC,SYN10,full-v1,6,8,10,0.5,sure,3,0
SYNTHETIC,SYN11,full-v1,1,2,10,0.5,gamble,6,1
SYNTHETIC,SYN11,full-v1,2,3,10,0.5,gamble,7,1
SYNTHETIC,SYN11,full-v1,3,4,10,0.5,sure,1,0
SYNTHETIC,SYN11,full-v1,4,6,10,0.5,sure,2,0
SYNTHETIC,SYN11,full-v1,5,7,10,0.5,sure,3,0
SYNTHETIC,SYN11,full-v1,6,8,10,0.5,sure,4,0
SYNTHETIC,SYN12,full-v1,1,2,10,0.5,gamble,7,1
SYNTHETIC,SYN12,full-v1,2,3,10,0.5,gamble,1,1
SYNTHETIC,SYN12,full-v1,3,4,10,0.5,sure,2,0
SYNTHETIC,SYN12,full-v1,4,6,10,0.5,sure,3,0
SYNTHETIC,SYN12,full-v1,5,7,10,0.5,sure,4,0
SYNTHETIC,SYN12,full-v1,6,8,10,0.5,sure,5,0
SYNTHETIC,SYN13,full-v1,1,2,10,0.5,gamble,1,1
SYNTHETIC,SYN13,full-v1,2,3,10,0.5,sure,2,0
SYNTHETIC,SYN13,full-v1,3,4,10,0.5,sure,3,0
SYNTHETIC,SYN13,full-v1,4,6,10,0.5,sure,4,0
SYNTHETIC,SYN13,full-v1,5,7,10,0.5,sure,5,0
SYNTHETIC,SYN13,full-v1,6,8,10,0.5,sure,6,0
SYNTHETIC,SYN14,full-v1,1,2,10,0.5,gamble,2,1
SYNTHETIC,SYN14,full-v1,2,3,10,0.5,sure,3,0
SYNTHETIC,SYN14,full-v1,3,4,10,0.5,sure,4,0
SYNTHETIC,SYN14,full-v1,4,6,10,0.5,sure,5,0
SYNTHETIC,SYN14,full-v1,5,7,10,0.5,sure,6,0
SYNTHETIC,SYN14,full-v1,6,8,10,0.5,sure,7,0
SYNTHETIC,SYN15,full-v1,1,2,10,0.5,sure,3,0
SYNTHETIC,SYN15,full-v1,2,3,10,0.5,sure,4,0
SYNTHETIC,SYN15,full-v1,3,4,10,0.5,sure,5,0
SYNTHETIC,SYN15,full-v1,4,6,10,0.5,sure,6,0
SYNTHETIC,SYN15,full-v1,5,7,10,0.5,sure,7,0
SYNTHETIC,SYN15,full-v1,6,8,10,0.5,sure,1,0
